{
	"credit": "Made with Blockbench",
	"texture_size": [128, 128],
	"textures": {
		"1": "mongon:kit/61"
	},
	"elements": [
		{
			"name": "head",
			"from": [0, 0, -5],
			"to": [16, 16, 15],
			"rotation": {"angle": 0, "axis": "y", "origin": [8, 0, 3]},
			"faces": {
				"north": {"uv": [2.5, 2.5, 4.5, 4.5], "texture": "#1"},
				"east": {"uv": [0, 2.5, 2.5, 4.5], "texture": "#1"},
				"south": {"uv": [4.5, 0, 6.5, 2], "texture": "#1"},
				"west": {"uv": [4.5, 2.5, 7, 4.5], "texture": "#1"},
				"up": {"uv": [4.5, 2.5, 2.5, 0], "texture": "#1"},
				"down": {"uv": [6.5, 0, 4.5, 2.5], "texture": "#1"}
			}
		},
		{
			"name": "head",
			"from": [17, 0, 9],
			"to": [17, 16, 29],
			"rotation": {"angle": 22.5, "axis": "y", "origin": [25, 0, 17]},
			"faces": {
				"north": {"uv": [2.5, 4.5, 2.5, 6.5], "texture": "#1"},
				"east": {"uv": [0, 4.5, 2.5, 6.5], "texture": "#1"},
				"south": {"uv": [5, 4.5, 5, 6.5], "texture": "#1"},
				"west": {"uv": [2.5, 4.5, 5, 6.5], "texture": "#1"},
				"up": {"uv": [2.5, 4.5, 2.5, 2], "texture": "#1"},
				"down": {"uv": [2.5, 2, 2.5, 4.5], "texture": "#1"}
			}
		},
		{
			"name": "head",
			"from": [-3, 0, 9],
			"to": [-3, 16, 29],
			"rotation": {"angle": -22.5, "axis": "y", "origin": [-11, 0, 21]},
			"faces": {
				"north": {"uv": [2.5, 4.5, 2.5, 6.5], "texture": "#1"},
				"east": {"uv": [0, 4.5, 2.5, 6.5], "texture": "#1"},
				"south": {"uv": [5, 4.5, 5, 6.5], "texture": "#1"},
				"west": {"uv": [2.5, 4.5, 5, 6.5], "texture": "#1"},
				"up": {"uv": [2.5, 4.5, 2.5, 2], "texture": "#1"},
				"down": {"uv": [2.5, 2, 2.5, 4.5], "texture": "#1"}
			}
		},
		{
			"name": "head",
			"from": [-3, 0, 9],
			"to": [-3, 16, 29],
			"rotation": {"angle": -22.5, "axis": "y", "origin": [-11, 0, 21]},
			"faces": {
				"north": {"uv": [2.5, 4.5, 2.5, 6.5], "texture": "#1"},
				"east": {"uv": [0, 4.5, 2.5, 6.5], "texture": "#1"},
				"south": {"uv": [5, 4.5, 5, 6.5], "texture": "#1"},
				"west": {"uv": [2.5, 4.5, 5, 6.5], "texture": "#1"},
				"up": {"uv": [2.5, 4.5, 2.5, 2], "texture": "#1"},
				"down": {"uv": [2.5, 2, 2.5, 4.5], "texture": "#1"}
			}
		},
		{
			"name": "head",
			"from": [0, -3, 9],
			"to": [16, -3, 29],
			"rotation": {"angle": 22.5, "axis": "x", "origin": [16, -11, 21]},
			"faces": {
				"north": {"uv": [6.5, 2.5, 8.5, 2.5], "texture": "#1"},
				"east": {"uv": [4, 2.5, 6.5, 2.5], "texture": "#1"},
				"south": {"uv": [11, 2.5, 13, 2.5], "texture": "#1"},
				"west": {"uv": [8.5, 2.5, 11, 2.5], "texture": "#1"},
				"up": {"uv": [8.5, 2.5, 6.5, 0], "texture": "#1"},
				"down": {"uv": [10.5, 0, 8.5, 2.5], "texture": "#1"}
			}
		},
		{
			"name": "head",
			"from": [0, 18.47343, 11.32541],
			"to": [16, 18.47343, 31.32541],
			"rotation": {"angle": -22.5, "axis": "x", "origin": [8, 18.47343, 21.32541]},
			"faces": {
				"north": {"uv": [6.5, 2.5, 8.5, 2.5], "texture": "#1"},
				"east": {"uv": [4, 2.5, 6.5, 2.5], "texture": "#1"},
				"south": {"uv": [11, 2.5, 13, 2.5], "texture": "#1"},
				"west": {"uv": [8.5, 2.5, 11, 2.5], "texture": "#1"},
				"up": {"uv": [8.5, 2.5, 6.5, 0], "texture": "#1"},
				"down": {"uv": [10.5, 0, 8.5, 2.5], "texture": "#1"}
			}
		},
		{
			"name": "head",
			"from": [16, 12, 14],
			"to": [20, 16, 26],
			"rotation": {"angle": -22.5, "axis": "x", "origin": [20, -4, 18]},
			"faces": {
				"north": {"uv": [6.5, 10.875, 7, 11.375], "texture": "#1"},
				"east": {"uv": [5, 10.875, 6.5, 11.375], "texture": "#1"},
				"south": {"uv": [8.5, 10.875, 9, 11.375], "texture": "#1"},
				"west": {"uv": [7, 10.875, 8.5, 11.375], "texture": "#1"},
				"up": {"uv": [7, 10.875, 6.5, 9.375], "texture": "#1"},
				"down": {"uv": [7.5, 9.375, 7, 10.875], "texture": "#1"}
			}
		},
		{
			"name": "head",
			"from": [12, 9, -2],
			"to": [16, 13, 11],
			"rotation": {"angle": 45, "axis": "y", "origin": [14, 11, 4]},
			"faces": {
				"north": {"uv": [10.625, 2.5, 11.125, 3], "texture": "#1"},
				"east": {"uv": [9, 2.5, 10.625, 3], "texture": "#1"},
				"south": {"uv": [12.75, 2.5, 13.25, 3], "texture": "#1"},
				"west": {"uv": [11.125, 2.5, 12.75, 3], "texture": "#1"},
				"up": {"uv": [11.125, 2.5, 10.625, 0.875], "texture": "#1"},
				"down": {"uv": [11.625, 0.875, 11.125, 2.5], "texture": "#1"}
			}
		},
		{
			"name": "head",
			"from": [0, 9, -5],
			"to": [4, 13, 8],
			"rotation": {"angle": -45, "axis": "y", "origin": [2, 11, 1]},
			"faces": {
				"north": {"uv": [10.625, 2.5, 11.125, 3], "texture": "#1"},
				"east": {"uv": [9, 2.5, 10.625, 3], "texture": "#1"},
				"south": {"uv": [12.75, 2.5, 13.25, 3], "texture": "#1"},
				"west": {"uv": [11.125, 2.5, 12.75, 3], "texture": "#1"},
				"up": {"uv": [11.125, 2.5, 10.625, 0.875], "texture": "#1"},
				"down": {"uv": [11.625, 0.875, 11.125, 2.5], "texture": "#1"}
			}
		},
		{
			"name": "head",
			"from": [-4, 12, 11],
			"to": [0, 16, 23],
			"rotation": {"angle": -22.5, "axis": "x", "origin": [0, -4, 15]},
			"faces": {
				"north": {"uv": [6.5, 10.875, 7, 11.375], "texture": "#1"},
				"east": {"uv": [5, 10.875, 6.5, 11.375], "texture": "#1"},
				"south": {"uv": [8.5, 10.875, 9, 11.375], "texture": "#1"},
				"west": {"uv": [7, 10.875, 8.5, 11.375], "texture": "#1"},
				"up": {"uv": [7, 10.875, 6.5, 9.375], "texture": "#1"},
				"down": {"uv": [7.5, 9.375, 7, 10.875], "texture": "#1"}
			}
		},
		{
			"name": "head",
			"from": [0.25, 15.5, -11.5],
			"to": [15.75, 21.5, 1.5],
			"rotation": {"angle": 22.5, "axis": "x", "origin": [11, -0.5, -7.5]},
			"faces": {
				"north": {"uv": [5, 6.5, 6.875, 7.25], "texture": "#1"},
				"east": {"uv": [3.375, 6.5, 5, 7.25], "texture": "#1"},
				"south": {"uv": [8.5, 6.5, 10.375, 7.25], "texture": "#1"},
				"west": {"uv": [6.875, 6.5, 8.5, 7.25], "texture": "#1"},
				"up": {"uv": [6.875, 6.5, 5, 4.875], "texture": "#1"},
				"down": {"uv": [8.75, 4.875, 6.875, 6.5], "texture": "#1"}
			}
		},
		{
			"name": "head",
			"from": [6, 22.14214, 14.68629],
			"to": [10, 26.14214, 22.68629],
			"rotation": {"angle": -45, "axis": "x", "origin": [8, 24.14214, 20.68629]},
			"faces": {
				"north": {"uv": [5.75, 8.25, 6.25, 8.75], "texture": "#1"},
				"east": {"uv": [4.75, 8.25, 5.75, 8.75], "texture": "#1"},
				"south": {"uv": [7.25, 8.25, 7.75, 8.75], "texture": "#1"},
				"west": {"uv": [6.25, 8.25, 7.25, 8.75], "texture": "#1"},
				"up": {"uv": [6.25, 8.25, 5.75, 7.25], "texture": "#1"},
				"down": {"uv": [6.75, 7.25, 6.25, 8.25], "texture": "#1"}
			}
		},
		{
			"name": "head",
			"from": [5, 15, 14],
			"to": [11, 21, 26],
			"rotation": {"angle": -22.5, "axis": "x", "origin": [9, -1, 18]},
			"faces": {
				"north": {"uv": [10.25, 4.5, 11, 5.25], "texture": "#1"},
				"east": {"uv": [8.75, 4.5, 10.25, 5.25], "texture": "#1"},
				"south": {"uv": [12.5, 4.5, 13.25, 5.25], "texture": "#1"},
				"west": {"uv": [11, 4.5, 12.5, 5.25], "texture": "#1"},
				"up": {"uv": [11, 4.5, 10.25, 3], "texture": "#1"},
				"down": {"uv": [11.75, 3, 11, 4.5], "texture": "#1"}
			}
		},
		{
			"name": "head",
			"from": [7, 23.9665, 21.97702],
			"to": [9, 31.9665, 23.97702],
			"rotation": {"angle": 22.5, "axis": "x", "origin": [8, 27.9665, 22.97702]},
			"faces": {
				"north": {"uv": [0.25, 0.25, 0.5, 1.25], "texture": "#1"},
				"east": {"uv": [0, 0.25, 0.25, 1.25], "texture": "#1"},
				"south": {"uv": [0.75, 0.25, 1, 1.25], "texture": "#1"},
				"west": {"uv": [0.5, 0.25, 0.75, 1.25], "texture": "#1"},
				"up": {"uv": [0.5, 0.25, 0.25, 0], "texture": "#1"},
				"down": {"uv": [0.75, 0, 0.5, 0.25], "texture": "#1"}
			}
		},
		{
			"name": "head",
			"from": [17, 15.26346, 19.3934],
			"to": [19, 23.26346, 21.3934],
			"rotation": {"angle": 45, "axis": "x", "origin": [18, 19.26346, 20.3934]},
			"faces": {
				"north": {"uv": [0.25, 0.25, 0.5, 1.25], "texture": "#1"},
				"east": {"uv": [0, 0.25, 0.25, 1.25], "texture": "#1"},
				"south": {"uv": [0.75, 0.25, 1, 1.25], "texture": "#1"},
				"west": {"uv": [0.5, 0.25, 0.75, 1.25], "texture": "#1"},
				"up": {"uv": [0.5, 0.25, 0.25, 0], "texture": "#1"},
				"down": {"uv": [0.75, 0, 0.5, 0.25], "texture": "#1"}
			}
		},
		{
			"name": "head",
			"from": [-3, 15.26346, 16.3934],
			"to": [-1, 23.26346, 18.3934],
			"rotation": {"angle": 45, "axis": "x", "origin": [-2, 19.26346, 17.3934]},
			"faces": {
				"north": {"uv": [0.25, 0.25, 0.5, 1.25], "texture": "#1"},
				"east": {"uv": [0, 0.25, 0.25, 1.25], "texture": "#1"},
				"south": {"uv": [0.75, 0.25, 1, 1.25], "texture": "#1"},
				"west": {"uv": [0.5, 0.25, 0.75, 1.25], "texture": "#1"},
				"up": {"uv": [0.5, 0.25, 0.25, 0], "texture": "#1"},
				"down": {"uv": [0.75, 0, 0.5, 0.25], "texture": "#1"}
			}
		},
		{
			"name": "jaw",
			"from": [2, 6, -16],
			"to": [14, 13, -4],
			"rotation": {"angle": 0, "axis": "x", "origin": [8, 10.5, -10]},
			"faces": {
				"north": {"uv": [8, 8.75, 9.5, 9.625], "texture": "#1"},
				"east": {"uv": [6.5, 8.75, 8, 9.625], "texture": "#1"},
				"south": {"uv": [11, 8.75, 12.5, 9.625], "texture": "#1"},
				"west": {"uv": [9.5, 8.75, 11, 9.625], "texture": "#1"},
				"up": {"uv": [9.5, 8.75, 8, 7.25], "texture": "#1"},
				"down": {"uv": [11, 7.25, 9.5, 8.75], "texture": "#1"}
			}
		},
		{
			"name": "jaw",
			"from": [2, -1.02133, -15.18923],
			"to": [14, 5.97867, -1.18923],
			"rotation": {"angle": -22.5, "axis": "x", "origin": [8, 1.47867, -8.18923]},
			"faces": {
				"north": {"uv": [1.75, 9, 3.25, 9.875], "texture": "#1"},
				"east": {"uv": [0, 9, 1.75, 9.875], "texture": "#1"},
				"south": {"uv": [5, 9, 6.5, 9.875], "texture": "#1"},
				"west": {"uv": [3.25, 9, 5, 9.875], "texture": "#1"},
				"up": {"uv": [3.25, 9, 1.75, 7.25], "texture": "#1"},
				"down": {"uv": [4.75, 7.25, 3.25, 9], "texture": "#1"}
			}
		},
		{
			"name": "jaw",
			"from": [2, -1.02133, -15.18923],
			"to": [14, 5.97867, -1.18923],
			"rotation": {"angle": -22.5, "axis": "x", "origin": [8, 1.47867, -8.18923]},
			"faces": {
				"north": {"uv": [1.75, 9, 3.25, 9.875], "texture": "#1"},
				"east": {"uv": [0, 9, 1.75, 9.875], "texture": "#1"},
				"south": {"uv": [5, 9, 6.5, 9.875], "texture": "#1"},
				"west": {"uv": [3.25, 9, 5, 9.875], "texture": "#1"},
				"up": {"uv": [3.25, 9, 1.75, 7.25], "texture": "#1"},
				"down": {"uv": [4.75, 7.25, 3.25, 9], "texture": "#1"}
			}
		}
	],
	"display": {
		"gui": {
			"rotation": [0, -180, 0],
			"translation": [0, -2, 0],
			"scale": [0.87, 0.87, 0.87]
		}
	},
	"groups": [
		{
			"name": "head",
			"shade": false,
			"origin": [0, 8, 0],
			"children": [0, 1, 2, 3, 4, 5, 6, 7, 8, 9, 10, 11, 12, 13, 14, 15, 16, 17, 18]
		}
	]
}