{
	"credit": "Made with Blockbench",
	"textures": {
		"0": "mongon:kit/62",
		"particle": "mongon:kit/62"
	},
	"elements": [
		{
			"from": [4.5, 7.85, -12.26345],
			"to": [11.5, 19.85, -5.26345],
			"rotation": {"angle": 45, "axis": "x", "origin": [8, 13.85, 2.13604]},
			"faces": {
				"north": {"uv": [0, 3.5, 6, 7], "rotation": 90, "texture": "#0"},
				"east": {"uv": [0, 0, 6, 3.5], "rotation": 90, "texture": "#0"},
				"south": {"uv": [6, 3.5, 12, 7], "rotation": 90, "texture": "#0"},
				"west": {"uv": [9.5, 0, 15.5, 3.5], "rotation": 270, "texture": "#0"},
				"up": {"uv": [12, 3.5, 15.5, 7], "texture": "#0"},
				"down": {"uv": [6, 0, 9.5, 3.5], "rotation": 180, "texture": "#0"}
			}
		},
		{
			"from": [7.5, -7, 22],
			"to": [8.5, -4, 23],
			"rotation": {"angle": 0, "axis": "y", "origin": [15.5, 8, 23]},
			"faces": {
				"north": {"uv": [0, 0, 1, 2], "texture": "#0"},
				"east": {"uv": [0, 12, 0.5, 13.5], "texture": "#0"},
				"south": {"uv": [0, 12, 0.5, 13.5], "texture": "#0"},
				"west": {"uv": [0, 12, 0.5, 13.5], "texture": "#0"},
				"up": {"uv": [0, 12, 0.5, 12.5], "texture": "#0"},
				"down": {"uv": [0, 13, 0.5, 13.5], "texture": "#0"}
			}
		},
		{
			"from": [7.5, -7, 21],
			"to": [8.5, -4, 22],
			"rotation": {"angle": 0, "axis": "y", "origin": [15.5, 8, 22]},
			"faces": {
				"north": {"uv": [1, 7.5, 1.5, 8], "texture": "#0"},
				"east": {"uv": [0.5, 12, 1, 13.5], "texture": "#0"},
				"south": {"uv": [0, 7, 0.5, 7.5], "texture": "#0"},
				"west": {"uv": [0.5, 12, 1, 13.5], "texture": "#0"},
				"up": {"uv": [0.5, 12, 1, 12.5], "texture": "#0"},
				"down": {"uv": [0.5, 13, 1, 13.5], "texture": "#0"}
			}
		},
		{
			"from": [7.5, -7, 20],
			"to": [8.5, -3, 21],
			"rotation": {"angle": 0, "axis": "y", "origin": [15.5, 9, 21]},
			"faces": {
				"north": {"uv": [1, 11.5, 1.5, 13.5], "texture": "#0"},
				"east": {"uv": [1, 11.5, 1.5, 13.5], "texture": "#0"},
				"south": {"uv": [1, 11.5, 1.5, 12], "texture": "#0"},
				"west": {"uv": [1, 11.5, 1.5, 13.5], "texture": "#0"},
				"up": {"uv": [1, 11.5, 1.5, 12], "texture": "#0"},
				"down": {"uv": [1, 13, 1.5, 13.5], "texture": "#0"}
			}
		},
		{
			"from": [7.5, 2, 12],
			"to": [8.5, 5, 13],
			"rotation": {"angle": 0, "axis": "y", "origin": [15.5, 10, 20]},
			"faces": {
				"north": {"uv": [1.5, 12, 2, 12.5], "texture": "#0"},
				"east": {"uv": [1.5, 11, 2, 12.5], "texture": "#0"},
				"south": {"uv": [1.5, 11, 2, 11.5], "texture": "#0"},
				"west": {"uv": [1.5, 11, 2, 12.5], "texture": "#0"},
				"up": {"uv": [4, 8.5, 4.5, 9], "texture": "#0"},
				"down": {"uv": [1.5, 12, 2, 12.5], "texture": "#0"}
			}
		},
		{
			"from": [7.5, 3, 11],
			"to": [8.5, 6, 12],
			"rotation": {"angle": 0, "axis": "y", "origin": [15.5, 11, 19]},
			"faces": {
				"north": {"uv": [4.5, 9, 5, 9.5], "texture": "#0"},
				"east": {"uv": [2, 10.5, 2.5, 12], "texture": "#0"},
				"south": {"uv": [1.5, 11, 2, 11.5], "texture": "#0"},
				"west": {"uv": [2, 10.5, 2.5, 12], "texture": "#0"},
				"up": {"uv": [4, 8.5, 4.5, 9], "texture": "#0"},
				"down": {"uv": [2, 11.5, 2.5, 12], "texture": "#0"}
			}
		},
		{
			"from": [7.5, 1, 13],
			"to": [8.5, 4, 14],
			"rotation": {"angle": 0, "axis": "y", "origin": [15.5, 18, 12]},
			"faces": {
				"north": {"uv": [6, 7.5, 6.5, 8], "texture": "#0"},
				"east": {"uv": [5.5, 7, 6, 8.5], "texture": "#0"},
				"south": {"uv": [4.5, 8, 5, 8.5], "texture": "#0"},
				"west": {"uv": [5.5, 7, 6, 8.5], "texture": "#0"},
				"up": {"uv": [5.5, 7, 6, 7.5], "texture": "#0"},
				"down": {"uv": [5, 8.5, 5.5, 9], "texture": "#0"}
			}
		},
		{
			"from": [7.5, 0, 14],
			"to": [8.5, 3, 15],
			"rotation": {"angle": 0, "axis": "y", "origin": [15.5, 17, 13]},
			"faces": {
				"north": {"uv": [6, 7.5, 6.5, 8], "texture": "#0"},
				"east": {"uv": [5, 7.5, 5.5, 9], "texture": "#0"},
				"south": {"uv": [4.5, 8, 5, 8.5], "texture": "#0"},
				"west": {"uv": [5, 7.5, 5.5, 9], "texture": "#0"},
				"up": {"uv": [5.5, 7, 6, 7.5], "texture": "#0"},
				"down": {"uv": [5, 8.5, 5.5, 9], "texture": "#0"}
			}
		},
		{
			"from": [7.5, -1, 15],
			"to": [8.5, 2, 16],
			"rotation": {"angle": 0, "axis": "y", "origin": [15.5, 16, 14]},
			"faces": {
				"north": {"uv": [4.5, 9, 5, 9.5], "texture": "#0"},
				"east": {"uv": [4.5, 8, 5, 9.5], "texture": "#0"},
				"south": {"uv": [4.5, 8, 5, 8.5], "texture": "#0"},
				"west": {"uv": [4.5, 8, 5, 9.5], "texture": "#0"},
				"up": {"uv": [5.5, 7, 6, 7.5], "texture": "#0"},
				"down": {"uv": [2, 11.5, 2.5, 12], "texture": "#0"}
			}
		},
		{
			"from": [7.5, -2, 16],
			"to": [8.5, 1, 17],
			"rotation": {"angle": 0, "axis": "y", "origin": [15.5, 15, 15]},
			"faces": {
				"north": {"uv": [4.5, 9, 5, 9.5], "texture": "#0"},
				"east": {"uv": [4, 8.5, 4.5, 10], "texture": "#0"},
				"south": {"uv": [1.5, 11, 2, 11.5], "texture": "#0"},
				"west": {"uv": [4, 8.5, 4.5, 10], "texture": "#0"},
				"up": {"uv": [4, 8.5, 4.5, 9], "texture": "#0"},
				"down": {"uv": [2, 11.5, 2.5, 12], "texture": "#0"}
			}
		},
		{
			"from": [7.5, -3, 17],
			"to": [8.5, 0, 18],
			"rotation": {"angle": 0, "axis": "y", "origin": [15.5, 14, 16]},
			"faces": {
				"north": {"uv": [4.5, 9, 5, 9.5], "texture": "#0"},
				"east": {"uv": [3.5, 9, 4, 10.5], "texture": "#0"},
				"south": {"uv": [1.5, 11, 2, 11.5], "texture": "#0"},
				"west": {"uv": [3.5, 9, 4, 10.5], "texture": "#0"},
				"up": {"uv": [4, 8.5, 4.5, 9], "texture": "#0"},
				"down": {"uv": [2, 11.5, 2.5, 12], "texture": "#0"}
			}
		},
		{
			"from": [7.5, -4, 18],
			"to": [8.5, -1, 19],
			"rotation": {"angle": 0, "axis": "y", "origin": [15.5, 13, 17]},
			"faces": {
				"north": {"uv": [4.5, 9, 5, 9.5], "texture": "#0"},
				"east": {"uv": [3, 9.5, 3.5, 11], "texture": "#0"},
				"south": {"uv": [1.5, 11, 2, 11.5], "texture": "#0"},
				"west": {"uv": [3, 9.5, 3.5, 11], "texture": "#0"},
				"up": {"uv": [4, 8.5, 4.5, 9], "texture": "#0"},
				"down": {"uv": [2, 11.5, 2.5, 12], "texture": "#0"}
			}
		},
		{
			"from": [7.5, -5, 19],
			"to": [8.5, -2, 20],
			"rotation": {"angle": 0, "axis": "y", "origin": [15.5, 12, 18]},
			"faces": {
				"north": {"uv": [4.5, 9, 5, 9.5], "texture": "#0"},
				"east": {"uv": [2.5, 10, 3, 11.5], "texture": "#0"},
				"south": {"uv": [1.5, 11, 2, 11.5], "texture": "#0"},
				"west": {"uv": [2.5, 10, 3, 11.5], "texture": "#0"},
				"up": {"uv": [4, 8.5, 4.5, 9], "texture": "#0"},
				"down": {"uv": [2, 11.5, 2.5, 12], "texture": "#0"}
			}
		},
		{
			"from": [7.5, 18, -4],
			"to": [8.5, 20, -3],
			"rotation": {"angle": 0, "axis": "y", "origin": [15.5, 18, 11]},
			"faces": {
				"north": {"uv": [6, 7.5, 6.5, 8], "texture": "#0"},
				"east": {"uv": [5.5, 7, 6, 8], "texture": "#0"},
				"south": {"uv": [0, 0, 1, 2], "texture": "#0"},
				"west": {"uv": [6, 7, 6.5, 8], "texture": "#0"},
				"up": {"uv": [6, 7, 6.5, 7.5], "texture": "#0"},
				"down": {"uv": [5, 8.5, 5.5, 9], "texture": "#0"}
			}
		},
		{
			"from": [7.5, 17, -3],
			"to": [8.5, 20, -2],
			"rotation": {"angle": 0, "axis": "y", "origin": [15.5, 18, 12]},
			"faces": {
				"north": {"uv": [6, 7.5, 6.5, 8], "texture": "#0"},
				"east": {"uv": [5.5, 7, 6, 8.5], "texture": "#0"},
				"south": {"uv": [4.5, 8, 5, 8.5], "texture": "#0"},
				"west": {"uv": [5.5, 7, 6, 8.5], "texture": "#0"},
				"up": {"uv": [5.5, 7, 6, 7.5], "texture": "#0"},
				"down": {"uv": [5, 8.5, 5.5, 9], "texture": "#0"}
			}
		},
		{
			"from": [7.5, 16, -2],
			"to": [8.5, 19, -1],
			"rotation": {"angle": 0, "axis": "y", "origin": [15.5, 17, 13]},
			"faces": {
				"north": {"uv": [6, 7.5, 6.5, 8], "texture": "#0"},
				"east": {"uv": [5, 7.5, 5.5, 9], "texture": "#0"},
				"south": {"uv": [4.5, 8, 5, 8.5], "texture": "#0"},
				"west": {"uv": [5, 7.5, 5.5, 9], "texture": "#0"},
				"up": {"uv": [5.5, 7, 6, 7.5], "texture": "#0"},
				"down": {"uv": [5, 8.5, 5.5, 9], "texture": "#0"}
			}
		},
		{
			"from": [7.5, 15, -1],
			"to": [8.5, 18, 0],
			"rotation": {"angle": 0, "axis": "y", "origin": [15.5, 16, 14]},
			"faces": {
				"north": {"uv": [4.5, 9, 5, 9.5], "texture": "#0"},
				"east": {"uv": [4.5, 8, 5, 9.5], "texture": "#0"},
				"south": {"uv": [4.5, 8, 5, 8.5], "texture": "#0"},
				"west": {"uv": [4.5, 8, 5, 9.5], "texture": "#0"},
				"up": {"uv": [5.5, 7, 6, 7.5], "texture": "#0"},
				"down": {"uv": [2, 11.5, 2.5, 12], "texture": "#0"}
			}
		},
		{
			"from": [7.5, 14, 0],
			"to": [8.5, 17, 1],
			"rotation": {"angle": 0, "axis": "y", "origin": [15.5, 15, 15]},
			"faces": {
				"north": {"uv": [4.5, 9, 5, 9.5], "texture": "#0"},
				"east": {"uv": [4, 8.5, 4.5, 10], "texture": "#0"},
				"south": {"uv": [1.5, 11, 2, 11.5], "texture": "#0"},
				"west": {"uv": [4, 8.5, 4.5, 10], "texture": "#0"},
				"up": {"uv": [4, 8.5, 4.5, 9], "texture": "#0"},
				"down": {"uv": [2, 11.5, 2.5, 12], "texture": "#0"}
			}
		},
		{
			"from": [7.5, 13, 1],
			"to": [8.5, 16, 2],
			"rotation": {"angle": 0, "axis": "y", "origin": [15.5, 14, 16]},
			"faces": {
				"north": {"uv": [4.5, 9, 5, 9.5], "texture": "#0"},
				"east": {"uv": [3.5, 9, 4, 10.5], "texture": "#0"},
				"south": {"uv": [1.5, 11, 2, 11.5], "texture": "#0"},
				"west": {"uv": [3.5, 9, 4, 10.5], "texture": "#0"},
				"up": {"uv": [4, 8.5, 4.5, 9], "texture": "#0"},
				"down": {"uv": [2, 11.5, 2.5, 12], "texture": "#0"}
			}
		},
		{
			"from": [7.5, 12, 2],
			"to": [8.5, 15, 3],
			"rotation": {"angle": 0, "axis": "y", "origin": [15.5, 13, 17]},
			"faces": {
				"north": {"uv": [4.5, 9, 5, 9.5], "texture": "#0"},
				"east": {"uv": [3, 9.5, 3.5, 11], "texture": "#0"},
				"south": {"uv": [1.5, 11, 2, 11.5], "texture": "#0"},
				"west": {"uv": [3, 9.5, 3.5, 11], "texture": "#0"},
				"up": {"uv": [4, 8.5, 4.5, 9], "texture": "#0"},
				"down": {"uv": [2, 11.5, 2.5, 12], "texture": "#0"}
			}
		},
		{
			"from": [7.5, 11, 3],
			"to": [8.5, 14, 4],
			"rotation": {"angle": 0, "axis": "y", "origin": [15.5, 12, 18]},
			"faces": {
				"north": {"uv": [4.5, 9, 5, 9.5], "texture": "#0"},
				"east": {"uv": [2.5, 10, 3, 11.5], "texture": "#0"},
				"south": {"uv": [1.5, 11, 2, 11.5], "texture": "#0"},
				"west": {"uv": [2.5, 10, 3, 11.5], "texture": "#0"},
				"up": {"uv": [4, 8.5, 4.5, 9], "texture": "#0"},
				"down": {"uv": [2, 11.5, 2.5, 12], "texture": "#0"}
			}
		},
		{
			"from": [7.5, 10, 4],
			"to": [8.5, 13, 5],
			"rotation": {"angle": 0, "axis": "y", "origin": [15.5, 18, 12]},
			"faces": {
				"north": {"uv": [6, 7.5, 6.5, 8], "texture": "#0"},
				"east": {"uv": [5.5, 7, 6, 8.5], "texture": "#0"},
				"south": {"uv": [4.5, 8, 5, 8.5], "texture": "#0"},
				"west": {"uv": [5.5, 7, 6, 8.5], "texture": "#0"},
				"up": {"uv": [5.5, 7, 6, 7.5], "texture": "#0"},
				"down": {"uv": [5, 8.5, 5.5, 9], "texture": "#0"}
			}
		},
		{
			"from": [7.5, 9, 5],
			"to": [8.5, 12, 6],
			"rotation": {"angle": 0, "axis": "y", "origin": [15.5, 17, 13]},
			"faces": {
				"north": {"uv": [6, 7.5, 6.5, 8], "texture": "#0"},
				"east": {"uv": [5, 7.5, 5.5, 9], "texture": "#0"},
				"south": {"uv": [4.5, 8, 5, 8.5], "texture": "#0"},
				"west": {"uv": [5, 7.5, 5.5, 9], "texture": "#0"},
				"up": {"uv": [5.5, 7, 6, 7.5], "texture": "#0"},
				"down": {"uv": [5, 8.5, 5.5, 9], "texture": "#0"}
			}
		},
		{
			"from": [7.5, 8, 6],
			"to": [8.5, 11, 7],
			"rotation": {"angle": 0, "axis": "y", "origin": [15.5, 16, 14]},
			"faces": {
				"north": {"uv": [4.5, 9, 5, 9.5], "texture": "#0"},
				"east": {"uv": [4.5, 8, 5, 9.5], "texture": "#0"},
				"south": {"uv": [4.5, 8, 5, 8.5], "texture": "#0"},
				"west": {"uv": [4.5, 8, 5, 9.5], "texture": "#0"},
				"up": {"uv": [5.5, 7, 6, 7.5], "texture": "#0"},
				"down": {"uv": [2, 11.5, 2.5, 12], "texture": "#0"}
			}
		},
		{
			"from": [7.5, 7, 7],
			"to": [8.5, 10, 8],
			"rotation": {"angle": 0, "axis": "y", "origin": [15.5, 15, 15]},
			"faces": {
				"north": {"uv": [4.5, 9, 5, 9.5], "texture": "#0"},
				"east": {"uv": [4, 8.5, 4.5, 10], "texture": "#0"},
				"south": {"uv": [1.5, 11, 2, 11.5], "texture": "#0"},
				"west": {"uv": [4, 8.5, 4.5, 10], "texture": "#0"},
				"up": {"uv": [4, 8.5, 4.5, 9], "texture": "#0"},
				"down": {"uv": [2, 11.5, 2.5, 12], "texture": "#0"}
			}
		},
		{
			"from": [7.5, 6, 8],
			"to": [8.5, 9, 9],
			"rotation": {"angle": 0, "axis": "y", "origin": [15.5, 14, 16]},
			"faces": {
				"north": {"uv": [4.5, 9, 5, 9.5], "texture": "#0"},
				"east": {"uv": [3.5, 9, 4, 10.5], "texture": "#0"},
				"south": {"uv": [1.5, 11, 2, 11.5], "texture": "#0"},
				"west": {"uv": [3.5, 9, 4, 10.5], "texture": "#0"},
				"up": {"uv": [4, 8.5, 4.5, 9], "texture": "#0"},
				"down": {"uv": [2, 11.5, 2.5, 12], "texture": "#0"}
			}
		},
		{
			"from": [7.5, 5, 9],
			"to": [8.5, 8, 10],
			"rotation": {"angle": 0, "axis": "y", "origin": [15.5, 13, 17]},
			"faces": {
				"north": {"uv": [4.5, 9, 5, 9.5], "texture": "#0"},
				"east": {"uv": [3, 9.5, 3.5, 11], "texture": "#0"},
				"south": {"uv": [1.5, 11, 2, 11.5], "texture": "#0"},
				"west": {"uv": [3, 9.5, 3.5, 11], "texture": "#0"},
				"up": {"uv": [4, 8.5, 4.5, 9], "texture": "#0"},
				"down": {"uv": [2, 11.5, 2.5, 12], "texture": "#0"}
			}
		},
		{
			"from": [7.5, 4, 10],
			"to": [8.5, 7, 11],
			"rotation": {"angle": 0, "axis": "y", "origin": [15.5, 12, 18]},
			"faces": {
				"north": {"uv": [4.5, 9, 5, 9.5], "texture": "#0"},
				"east": {"uv": [2.5, 10, 3, 11.5], "texture": "#0"},
				"south": {"uv": [1.5, 11, 2, 11.5], "texture": "#0"},
				"west": {"uv": [2.5, 10, 3, 11.5], "texture": "#0"},
				"up": {"uv": [4, 8.5, 4.5, 9], "texture": "#0"},
				"down": {"uv": [2, 11.5, 2.5, 12], "texture": "#0"}
			}
		}
	],
	"gui_light": "front",
	"display": {
		"thirdperson_righthand": {
			"rotation": [45, 0, 0],
			"translation": [0, 0.5, 2.25],
			"scale": [0.95, 0.95, 0.95]
		},
		"thirdperson_lefthand": {
			"rotation": [45, 0, 0],
			"translation": [0, 2, 1.5],
			"scale": [0.95, 0.95, 0.95]
		},
		"firstperson_righthand": {
			"rotation": [31, -9, -1],
			"translation": [6, -4, -2]
		},
		"firstperson_lefthand": {
			"rotation": [31, -9, -1],
			"translation": [6, -4, -2]
		},
		"ground": {
			"rotation": [45, 0, 0],
			"translation": [0, 14, 0],
			"scale": [2, 2, 2]
		},
		"gui": {
			"rotation": [0, -90, 0]
		},
		"head": {
			"rotation": [90, 0, 0],
			"translation": [0, 1.5, -14.5]
		},
		"fixed": {
			"rotation": [0, 90, 0],
			"translation": [2, -2.25, 0],
			"scale": [0.85, 0.85, 0.85]
		}
	},
	"groups": [0, 1, 2, 3, 4, 5,
		{
			"name": "group",
			"origin": [15.5, 12, 18],
			"children": [6, 7, 8, 9, 10, 11, 12]
		},
		{
			"name": "group",
			"origin": [15.5, 12, 18],
			"children": [13, 14, 15, 16, 17, 18, 19, 20]
		},
		{
			"name": "group",
			"origin": [15.5, 12, 18],
			"children": [21, 22, 23, 24, 25, 26, 27]
		}
	]
}