{
    "gui.button": {
        "category": "neutral", 
        "sounds": [
            {
                "name": "mongon:gui/button1",
                "attenuation_distance": 100
            },
            {
                "name": "mongon:gui/button2",
                "attenuation_distance": 100
            },
            {
                "name": "mongon:gui/button3",
                "attenuation_distance": 100
            },
            {
                "name": "mongon:gui/button4",
                "attenuation_distance": 100
            },
            {
                "name": "mongon:gui/button5",
                "attenuation_distance": 100
            },
            {
                "name": "mongon:gui/button6",
                "attenuation_distance": 100
            }
        ]
    },
    "gui.vanish": {
        "category": "neutral", 
        "sounds": [
            {
                "name": "mongon:gui/vanish",
                "attenuation_distance": 100
            }
        ]
    },
    "gui.tracker": {
        "category": "neutral", 
        "sounds": [
            {
                "name": "mongon:gui/tracker",
                "attenuation_distance": 100
            }
        ]
    },
    "gui.players": {
        "category": "neutral", 
        "sounds": [
            {
                "name": "mongon:gui/players",
                "attenuation_distance": 100
            }
        ]
    },
    "gui.freeze": {
        "category": "neutral", 
        "sounds": [
            {
                "name": "mongon:gui/freeze",
                "attenuation_distance": 100
            }
        ]
    },
    "gui.phoenix": {
        "category": "neutral", 
        "sounds": [
            {
                "name": "mongon:gui/phoenix",
                "attenuation_distance": 100
            }
        ]
    },
    "gui.ghoul": {
        "category": "neutral", 
        "sounds": [
            {
                "name": "mongon:gui/ghoul",
                "attenuation_distance": 100
            }
        ]
    },
    "gui.kick": {
        "category": "neutral", 
        "sounds": [
            {
                "name": "mongon:gui/kick",
                "attenuation_distance": 100
            }
        ]
    },
    "gui.offer": {
        "category": "neutral", 
        "sounds": [
            {
                "name": "mongon:gui/offer",
                "attenuation_distance": 100
            }
        ]
    }
}
