{
    "gui.button": {
        "category": "neutral", 
        "sounds": [
            {
                "name": "mongon:gui/button1",
                "attenuation_distance": 100
            },
            {
                "name": "mongon:gui/button2",
                "attenuation_distance": 100
            },
            {
                "name": "mongon:gui/button3",
                "attenuation_distance": 100
            },
            {
                "name": "mongon:gui/button4",
                "attenuation_distance": 100
            },
            {
                "name": "mongon:gui/button5",
                "attenuation_distance": 100
            },
            {
                "name": "mongon:gui/button6",
                "attenuation_distance": 100
            }
        ]
    }
}
